id;start_date;end_date;language
1;2023-06-19T00:56:05;2023-06-18T20:06:51;SPANISH
2;2023-06-18T06:34:47;2023-06-18T14:26:22;FRENCH
3;2023-06-18T13:55:40;2023-06-18T21:13:07;ENGLISH
4;2023-06-18T13:13:04;2023-06-18T21:52:11;ENGLISH
5;2023-06-18T13:30:11;2023-06-18T06:41:14;SPANISH
6;2023-06-19T02:29:54;2023-06-18T14:10:06;FRENCH
7;2023-06-18T20:43:59;2023-06-18T09:40:27;FRENCH
8;2023-06-19T01:09:57;2023-06-18T03:03:03;SPANISH
9;2023-06-18T09:46:19;2023-06-18T11:56:46;SPANISH
10;2023-06-18T22:40:33;2023-06-18T16:18:47;ENGLISH
